standard,dram_class,org_preset,timing_preset,frontend_clock_ratio,controller_cycles,simulated_time_ns,read_requests,write_requests,avg_read_latency_cycles,avg_read_latency_ns,read_throughput_GBps,write_throughput_GBps,total_throughput_GBps,row_hits,row_misses,row_conflicts,row_classified_requests,read_row_hits,read_row_misses,read_row_conflicts,write_row_hits,write_row_misses,write_row_conflicts
DDR3,DDR3,DDR3_2Gb_x8,DDR3_1600H,8,4543459,5679323.75,500000,500000,303.896301,379.87037625,5.634112793,5.634327148000001,11.268439453000001,990453,5813,3689,999955,495173,1723,3072,495280,4090,617
DDR4,DDR4,DDR4_8Gb_x8,DDR4_2400R,8,6171528,5140882.824,500000,500000,415.306854,345.950609382,6.2242128910000005,6.224449707,12.448662109,990478,6326,3151,999955,495156,1661,3151,495322,4665,0
DDR5,DDR5,DDR5_16Gb_x8,DDR5_4800AN,8,16494518,6861719.488,500000,500000,1098.901733,457.143120928,4.663255371,4.663432617000001,9.3266875,978817,18955,2183,999955,488863,8922,2183,489954,10033,0
GDDR6,GDDR6,GDDR6_8Gb_x16,GDDR6_14000_1250mV_double,16,3835019,2193630.868,500000,500000,272.740845,156.00776333999997,7.293375976999999,7.293653320000001,14.587029296999999,964666,17937,17352,999955,481968,10904,7096,482698,7033,10256
GDDR7,GDDR7,GDDR7_16Gb_x8,GDDR7_28000_PAM3,16,2932021,1674183.991,500000,500000,403.971436,230.66768995599998,9.555671875,9.556398438,19.112070312,963855,13787,22268,999910,481587,8416,9933,482268,5371,12335
HBM1,HBM1,HBM1_2Gb,HBM1_2Gbps,16,1766368,1766368.0,500000,500000,242.192932,242.192932,9.056975586,9.057700194999999,18.114675781000003,924650,9325,65938,999913,463546,1409,34982,461104,7916,30956
HBM2,HBM2,HBM2_2Gb,HBM2_2000Mbps,16,1562118,1562118.0,500000,500000,216.972336,216.972336,10.241193359,10.242012695,20.483207031000003,933847,12428,53637,999912,466485,7812,25639,467362,4616,27998
HBM3,HBM3,HBM3_16Gb_8hi,HBM3_6400Mbps,16,3623531,1132353.4375,500000,500000,980.288391,306.3401221875,14.148856445,14.151459961,28.300316406,933242,18106,48488,999836,465421,7347,27105,467821,10759,21383
HBM4,HBM4,HBM4_32Gb_8Hi,HBM4_8000Mbps,16,4412163,1103040.75,500000,500000,617.260925,154.31523125,14.503442383,14.504979492,29.008421875,935187,17561,47175,999923,467129,5598,27209,468058,11963,19966
LPDDR5,LPDDR5,LPDDR5_8Gb_x16,LPDDR5_6400,8,3296496,4120620.0,500000,500000,230.818985,288.52373124999997,3.882662109,3.8828098140000002,7.765471679999999,964666,16719,18570,999955,481967,10144,7857,482699,6575,10713
LPDDR6,LPDDR6,LPDDR6_16Gb_x12,LPDDR6_10667_BL24,8,10414386,3905394.75,500000,500000,730.553162,273.95743575,4.096634766,4.0967905270000005,8.193425781,965147,15249,19559,999955,482345,9187,8436,482802,6062,11123
