standard,dram_class,org_preset,timing_preset,frontend_clock_ratio,controller_cycles,simulated_time_ns,read_requests,write_requests,avg_read_latency_cycles,avg_read_latency_ns,throughput_GBps,row_hits,row_misses,row_conflicts,row_classified_requests
DDR3,DDR3,DDR3_2Gb_x8,DDR3_1600H,8,4097271,5121588.75,1000000,0,144.223236,180.27904500000002,12.495722656,989385,4859,5724,999968
DDR4,DDR4,DDR4_8Gb_x8,DDR4_2400R,8,4205836,3503461.388,1000000,0,154.767151,128.921036783,18.267064453,990259,3932,5777,999968
DDR5,DDR5,DDR5_16Gb_x8,DDR5_4800AN,8,8738794,3635338.304,1000000,0,322.369629,134.105765664,17.604400391,980212,11234,8522,999968
GDDR6,GDDR6,GDDR6_8Gb_x16,GDDR6_14000_1250mV_double,16,2194145,1255050.94,1000000,0,97.283836,55.64635419199999,25.496158203,965959,10227,23782,999968
GDDR7,GDDR7,GDDR7_16Gb_x8,GDDR7_28000_PAM3,16,2259932,1290421.1719999998,1000000,0,172.680389,98.60050211899998,24.796517578,965426,10157,24353,999936
HBM1,HBM1,HBM1_2Gb,HBM1_2Gbps,16,1055300,1055300.0,1000000,0,83.040466,83.040466,30.321189453,967427,2095,30414,999936
HBM2,HBM2,HBM2_2Gb,HBM2_2000Mbps,16,1089973,1089973.0,1000000,0,86.791344,86.791344,29.356646484000002,935670,8672,55594,999936
HBM3,HBM3,HBM3_16Gb_8hi,HBM3_6400Mbps,16,2291931,716228.4375,1000000,0,343.642395,107.38824843750001,44.744261719,935214,11390,53268,999872
HBM4,HBM4,HBM4_32Gb_8Hi,HBM4_8000Mbps,16,3903013,975753.25,1000000,0,299.403809,74.85095225,32.793074219000005,935702,15695,48539,999936
LPDDR5,LPDDR5,LPDDR5_8Gb_x16,LPDDR5_6400,8,2145361,2681701.25,1000000,0,88.280479,110.35059875,11.932341797,965302,10983,23683,999968
LPDDR6,LPDDR6,LPDDR6_16Gb_x12,LPDDR6_10667_BL24,8,6789101,2545912.875,1000000,0,281.162872,105.436077,12.568763672,965945,10148,23875,999968
